<?xml version="1.0" encoding="UTF-8"?>
<!DOCTYPE struts PUBLIC
   "-//Apache Software Foundation//DTD Struts Configuration 2.0//EN"
   "http://struts.apache.org/dtds/struts-2.0.dtd">

<struts>
   <constant name = "struts.devMode" value = "true" />
   
   <package name = "Organisation" extends = "struts-default">
     <action name = "login" 
         class = "com.organisation.struts2.Login" 
         method = "execute">
         <result name = "loginsuccess">/loginsuccess.jsp</result>
         <result name = "loginerror">/loginerror.jsp</result>
         <result name="logout">/logout.jsp</result>
         <result name="home">/index.jsp</result>
         </action>
         
         <action name="register" 
         class ="com.organisation.struts2.Register"
         method="execute1">
         <result name="registersuccess">/registersuccess.jsp</result>
         <result name="registererror">/registererror.jsp</result>
         
         </action>
         
         <action name="viewRecords" class="com.organisation.struts2.User" method="printRecords">  
			<result name="success">/view.jsp</result> 
			<result name="error">/viewError.jsp</result>   
		</action>  
		
		<action name="searchO" class="com.organisation.struts2.SearchOrgAction" method="printRecords">
		<result name="success">/viewOrg.jsp</result>
		<result name="error">/viewOrgError.jsp</result>
		</action>
 
 		<action name="searchE" class="com.organisation.struts2.SearchEmpAction" method="printRecords">
		<result name="success">/viewEmp.jsp</result>
		<result name="error">/viewEmpError.jsp</result>
		</action>
		
		  <action name = "entry" 
         class = "com.organisation.struts2.EmployeeDetails" 
         method = "execute">
         <result name = "success">/Details.jsp</result>
         	<result name="error">/Error.jsp</result>
      </action>
      
     	 <action name="addOrganisation" class="com.organisation.struts2.OrganisationAction">  
		<result name="success">organisation-success.jsp</result>  
		<result name="error">organisation-error.jsp</result>  
		</action>
		
		<action name="delete" class="com.organisation.struts2.OrganisationDelete" method="execute" >
		<result name="success">success.jsp</result>
		<result name="fail">fail.jsp</result>
		</action>
         </package>
        
</struts>